id,category,level,type,question,choice1,choice2,choice3,choice4,answer,explanation,image,source,verified,review_note
L01,history,low,ox,홍성의 옛 이름 중 하나는 '홍주'이다.,,,,,O,"고려 시대부터 '홍주'라고 불렸어요. 지금도 홍주읍성, 홍주종합경기장처럼 이름이 남아 있어요.",,검수 필요,FALSE,
L02,history,low,choice,옛날 마을을 지키려고 돌로 쌓은 홍성의 성은?,홍주읍성,수원 화성,남한산성,해미읍성,1,홍주읍성은 홍성읍 한가운데에 있는 옛 성이에요.,,검수 필요,FALSE,
L03,history,low,ox,조양문은 홍주읍성의 성문이다.,,,,,O,"조양문은 '아침 해를 맞이하는 문'이라는 뜻으로, 해가 뜨는 동쪽에 있는 문이에요.",,검수 필요,FALSE,
L04,history,low,choice,홍성의 역사를 배울 수 있는 홍주읍성 안의 전시관은?,홍주성역사관,독립기념관,국립중앙박물관,국립공주박물관,1,홍주성역사관에서는 홍주읍성과 홍주의병 이야기를 볼 수 있어요.,,검수 필요,FALSE,위치(홍주읍성 안) 확인
L05,people,low,choice,「님의 침묵」을 쓴 홍성 출신 시인은?,한용운,윤동주,김소월,정지용,1,만해 한용운은 홍성 결성면에서 태어난 시인이자 독립운동가예요.,,검수 필요,FALSE,
L06,people,low,ox,김좌진 장군은 홍성에서 태어났다.,,,,,O,김좌진 장군은 홍성 갈산면에서 태어난 독립운동가예요.,,검수 필요,FALSE,
L07,people,low,choice,한용운을 부르는 또 다른 이름(호)은?,만해,백야,고암,율곡,1,"한용운은 '만해', 김좌진은 '백야', 이응노는 '고암'이라는 호로 불려요.",,검수 필요,FALSE,
L08,people,low,ox,홍성 출신 이응노는 그림을 그린 화가이다.,,,,,O,"고암 이응노는 홍성에서 태어난 화가로, 글자와 사람 모양을 멋진 그림으로 표현했어요.",,검수 필요,FALSE,
L09,people,low,choice,김좌진 장군이 한 일은?,독립군을 이끌고 싸웠다,한글을 만들었다,거북선을 만들었다,측우기를 발명했다,1,김좌진 장군은 나라를 되찾기 위해 독립군을 이끌고 일본군과 싸웠어요.,,검수 필요,FALSE,
L10,safety,low,ox,횡단보도 초록불이 깜빡일 때 뛰어서 건너도 된다.,,,,,X,초록불이 깜빡이면 곧 빨간불로 바뀌어요. 멈추고 다음 신호를 기다려요.,,검수 필요,FALSE,
L11,safety,low,choice,횡단보도를 건널 때 올바른 행동은?,좌우를 살피고 건넌다,휴대폰을 보며 건넌다,뛰어서 건넌다,차 사이로 건넌다,1,초록불이 켜져도 차가 멈췄는지 좌우를 살피고 건너요.,,검수 필요,FALSE,
L12,safety,low,ox,자전거를 탈 때는 안전모(헬멧)를 써야 한다.,,,,,O,넘어졌을 때 머리를 보호하려면 꼭 안전모를 써요.,,검수 필요,FALSE,
L13,safety,low,choice,불이 났을 때 신고하는 전화번호는?,119,112,114,1004,1,"불이 나거나 다쳤을 때는 119, 나쁜 일을 신고할 때는 112예요.",,검수 필요,FALSE,
L14,safety,low,ox,모르는 사람이 맛있는 것을 준다며 따라오라고 하면 따라가도 된다.,,,,,X,"모르는 사람은 따라가지 않아요. ""싫어요!"" 하고 어른에게 알려요.",,검수 필요,FALSE,
L15,specialty,low,ox,광천의 새우젓은 동굴처럼 생긴 '토굴'에서 익힌다.,,,,,O,토굴은 1년 내내 온도가 일정해서 새우젓이 맛있게 익어요.,,검수 필요,FALSE,
L16,specialty,low,choice,남당항 가을 축제의 주인공인 '큰 새우'는?,대하,꽃게,오징어,고등어,1,대하는 '큰 새우'라는 뜻이에요. 가을이면 남당항에서 대하 축제가 열려요.,,검수 필요,FALSE,
L17,specialty,low,ox,광천은 김으로도 유명하다.,,,,,O,광천 김은 바삭하고 고소해서 전국에서 사랑받아요.,,검수 필요,FALSE,
L18,specialty,low,choice,속살이 새의 부리를 닮아 이름이 붙은 조개는?,새조개,바지락,전복,홍합,1,새조개는 속살 모양이 새의 부리를 닮았어요. 남당항의 대표 먹거리예요.,,검수 필요,FALSE,
L19,specialty,low,choice,새우젓은 새우에 무엇을 넣어 만들까?,소금,설탕,식초,꿀,1,새우에 소금을 넣고 오래 두어 맛있게 익혀 만들어요.,,검수 필요,FALSE,
L20,nature,low,ox,홍성은 바다와 닿아 있다.,,,,,O,홍성의 서쪽은 서해 바다와 닿아 있어 남당항 같은 항구가 있어요.,,검수 필요,FALSE,
L21,nature,low,choice,가을이면 은빛 억새가 가득한 홍성의 산은?,오서산,한라산,설악산,지리산,1,"오서산은 홍성과 보령에 걸쳐 있는 산으로, 가을 억새가 아름다워요.",,검수 필요,FALSE,
L22,nature,low,ox,바닷물이 빠지면 드러나는 넓은 진흙 땅을 '갯벌'이라고 한다.,,,,,O,"갯벌에는 조개, 게, 낙지 같은 많은 생물이 살아요.",,검수 필요,FALSE,
L23,nature,low,choice,신기한 모양의 바위가 많은 홍성의 산은?,용봉산,백두산,북한산,무등산,1,용봉산은 바위 모양이 멋져서 '충남의 금강산'이라고도 불려요.,,검수 필요,FALSE,'충남의 금강산' 별명 확인
L24,society,low,ox,충청남도청은 홍성에 있다.,,,,,O,충남도청은 홍성 내포신도시에 있어요.,,검수 필요,FALSE,
L25,society,low,choice,홍성군의 대표로 군의 일을 이끄는 사람은?,군수,시장,도지사,대통령,1,"군의 대표는 군수, 시의 대표는 시장, 도의 대표는 도지사예요.",,검수 필요,FALSE,
L26,environment,low,choice,홍동 마을 논에서 잡초와 벌레를 먹어 농사를 돕는 동물은?,오리,고양이,강아지,토끼,1,오리가 논을 헤엄치며 잡초와 벌레를 먹어 줘서 농약을 덜 쓸 수 있어요. 이것을 '오리 농법'이라고 해요.,,검수 필요,FALSE,
L27,environment,low,ox,유기농 농사는 화학 농약과 화학 비료를 쓰지 않는다.,,,,,O,유기농은 땅과 생물을 살리는 자연스러운 방법으로 농사를 지어요.,,검수 필요,FALSE,
L28,environment,low,choice,우리 지역에서 기른 먹거리를 우리 지역에서 사 먹는 것은?,로컬푸드,패스트푸드,인스턴트 음식,수입 식품,1,"가까운 곳에서 기른 먹거리는 신선하고, 멀리 옮기지 않아 환경에도 좋아요.",,검수 필요,FALSE,
H01,history,high,choice,'홍성'이라는 이름은 어떻게 생겼을까?,홍주와 결성이 합쳐져서,홍길동의 이름에서,붉은 성벽 때문에,홍수가 많아서,1,1914년 홍주군과 결성군이 합쳐지며 두 이름의 앞 글자를 따 '홍성'이 되었어요.,,검수 필요,FALSE,
H02,history,high,choice,조선 시대 홍주처럼 큰 고을을 부르던 이름은?,목,리,반,통,1,"조선 시대에 홍주는 큰 고을이라는 뜻의 '목'으로, '홍주목'이라 불렸어요.",,검수 필요,FALSE,홍주목 표현 확인
H03,history,high,choice,조양문(朝陽門)의 '조양'은 무슨 뜻일까?,아침 해,저녁 달,큰 바다,높은 산,1,조양은 '아침 해'라는 뜻이에요. 해가 뜨는 동쪽 문이라 이런 이름이 붙었어요.,,검수 필요,FALSE,
H04,history,high,choice,나라를 지키기 위해 백성들이 스스로 일어나 만든 군대는?,의병,수군,관군,화랑,1,홍성에서는 1896년과 1906년에 '홍주의병'이 일어나 나라를 지키려 싸웠어요.,,검수 필요,FALSE,연도 확인
H05,history,high,ox,1906년 홍주의병은 홍주성에서 일본군과 맞서 싸웠다.,,,,,O,홍주의병은 홍주성을 차지하고 일본군과 치열하게 싸웠어요.,,검수 필요,FALSE,연도·내용 확인
H06,history,high,choice,홍주의병 때 목숨을 바친 의병들을 모신 곳은?,홍주의사총,현충사,첨성대,석굴암,1,홍성에 있는 홍주의사총은 나라를 지키다 목숨을 잃은 의병들을 기리는 곳이에요.,,검수 필요,FALSE,명칭 확인
H07,history,high,choice,"조선 시대 홍주목 관아의 정문으로, 지금도 홍성읍에 남아 있는 문은?",홍주아문,숭례문,광화문,팔달문,1,홍주아문은 홍주목 관아로 들어가는 정문이었어요.,,검수 필요,FALSE,명칭·설명 확인
H08,people,high,choice,김좌진 장군이 독립군을 이끌고 크게 이긴 전투는?,청산리 전투,한산도 대첩,행주 대첩,귀주 대첩,1,1920년 김좌진 장군은 청산리 일대에서 일본군을 크게 물리쳤어요.,,검수 필요,FALSE,
H09,people,high,choice,한용운이 민족 대표 33인 중 한 명으로 참여한 1919년의 운동은?,3·1 운동,4·19 혁명,동학 농민 운동,새마을 운동,1,한용운은 1919년 3·1 운동 때 독립 선언에 참여한 민족 대표 33인 중 한 명이에요.,,검수 필요,FALSE,
H10,people,high,ox,김좌진은 젊은 시절 집안의 노비들을 풀어 주었다.,,,,,O,김좌진은 사람은 모두 평등하다고 생각해 노비 문서를 불태우고 자유를 주었어요.,,검수 필요,FALSE,
H11,people,high,choice,이응노 화가가 글자 모양을 바탕으로 그린 그림을 무엇이라 할까?,문자추상,풍속화,민화,수채화,1,이응노는 글자를 그림처럼 표현한 '문자추상'으로 세계에 이름을 알렸어요.,,검수 필요,FALSE,
H12,people,high,choice,이응노 화가가 오랫동안 활동한 외국 도시는?,파리,뉴욕,도쿄,런던,1,이응노는 프랑스 파리에서 활동하며 한국 미술을 세계에 알렸어요.,,검수 필요,FALSE,
H13,people,high,choice,단종을 지키려다 목숨을 잃은 '사육신' 중 홍성에서 태어난 사람은?,성삼문,이순신,정약용,김정호,1,성삼문은 홍성에서 태어났어요. 홍북읍에 성삼문 선생 유허지가 있어요.,,검수 필요,FALSE,출생지·유허지 확인
H14,people,high,choice,"""황금 보기를 돌같이 하라""는 말로 유명한, 홍성과 인연이 깊은 고려 장군은?",최영,강감찬,을지문덕,계백,1,최영 장군은 아버지의 가르침인 이 말을 평생 지킨 청렴한 장군이에요.,,검수 필요,FALSE,홍성과의 인연(출생지) 확인
H15,safety,high,choice,나쁜 일(범죄)을 신고할 때 거는 번호는?,112,119,114,1330,1,"범죄 신고는 112, 불이 나거나 다쳤을 때는 119예요.",,검수 필요,FALSE,
H16,safety,high,ox,횡단보도에서는 자전거에서 내려 끌고 건너는 것이 안전하다.,,,,,O,횡단보도에서는 자전거에서 내려 보행자처럼 끌고 건너요.,,검수 필요,FALSE,
H17,safety,high,choice,지진으로 건물이 흔들릴 때 가장 먼저 할 일은?,책상 아래로 들어가 몸을 보호한다,엘리베이터를 탄다,창문 옆에 선다,계단으로 뛰어간다,1,"흔들릴 때는 튼튼한 책상 아래에서 머리를 보호하고, 흔들림이 멈추면 밖으로 나가요.",,검수 필요,FALSE,
H18,safety,high,ox,갯벌 체험 중 밀물 시간이 다가오면 서둘러 육지로 나와야 한다.,,,,,O,서해는 바닷물이 빠르게 들어와 위험할 수 있어요. 물때를 꼭 확인해요.,,검수 필요,FALSE,
H19,safety,high,choice,불이 나서 연기가 가득할 때 대피하는 방법은?,젖은 수건으로 코와 입을 막고 낮은 자세로,서서 빨리 뛰어서,엘리베이터를 타고,옷장 속에 숨어서,1,연기는 위로 올라가요. 코와 입을 막고 몸을 낮춰 대피해요.,,검수 필요,FALSE,
H20,specialty,high,choice,6월에 잡은 새우로 담가 가장 맛이 좋다고 하는 새우젓은?,육젓,오젓,추젓,동백하젓,1,"5월에 담그면 오젓, 6월은 육젓, 가을은 추젓이에요. 육젓은 살이 통통해 최고로 쳐요.",,검수 필요,FALSE,
H21,specialty,high,choice,광천 토굴이 새우젓을 익히기 좋은 까닭은?,1년 내내 온도가 일정해서,햇빛이 잘 들어서,바람이 세게 불어서,바닷물이 들어와서,1,토굴 안은 여름에도 겨울에도 온도가 거의 변하지 않아 새우젓이 고르게 익어요.,,검수 필요,FALSE,
H22,specialty,high,choice,남당항 대하 축제가 열리는 계절은?,가을,봄,여름,겨울,1,대하는 가을에 살이 올라 가장 맛있어서 가을에 축제가 열려요.,,검수 필요,FALSE,축제 시기 확인
H23,specialty,high,ox,"홍성은 소, 돼지 같은 가축을 많이 기르는 고장이다.",,,,,O,홍성은 우리나라에서 가축을 많이 기르는 고장 중 하나예요. 홍성 한우도 유명해요.,,검수 필요,FALSE,통계 표현 확인
H24,specialty,high,choice,'대하(大蝦)'의 '대(大)'는 무슨 뜻일까?,크다,작다,붉다,맛있다,1,大(대)는 '크다'는 뜻이에요. 대하는 '큰 새우'라는 뜻이에요.,,검수 필요,FALSE,
H25,nature,high,choice,"남당항 앞바다로, 철새가 많이 찾아오는 바다는?",천수만,영일만,광양만,진해만,1,"천수만은 홍성, 서산, 보령 사이의 바다로 겨울 철새가 많이 찾아와요.",,검수 필요,FALSE,남당항 앞바다 표현 확인
H26,nature,high,choice,용봉산을 부르는 별명은?,충남의 금강산,충남의 한라산,작은 백두산,서해의 지리산,1,용봉산은 바위 봉우리가 금강산처럼 멋져서 '충남의 금강산'이라고 불려요.,,검수 필요,FALSE,별명 확인
H27,nature,high,ox,서해는 밀물과 썰물의 차이가 커서 넓은 갯벌이 생긴다.,,,,,O,바닷물이 많이 들어오고 빠져서 서해안에는 넓은 갯벌이 펼쳐져 있어요.,,검수 필요,FALSE,
H28,nature,high,choice,홍성은 우리나라 어느 바다와 닿아 있을까?,서해,동해,남해,제주 바다,1,"홍성은 충청남도 서쪽, 서해 바다와 닿아 있어요.",,검수 필요,FALSE,
H29,nature,high,choice,오서산에서 가을이면 은빛 물결처럼 피어나는 식물은?,억새,벚꽃,진달래,해바라기,1,오서산 꼭대기 부근은 가을이면 억새가 은빛으로 물결쳐요.,,검수 필요,FALSE,
H30,society,high,choice,충남도청이 내포신도시로 오기 전에 있던 도시는?,대전,서울,천안,공주,1,충남도청은 2012~2013년에 대전에서 내포신도시로 옮겨 왔어요.,,검수 필요,FALSE,
H31,society,high,choice,내포신도시는 홍성군과 어느 군에 걸쳐 있을까?,예산군,태안군,부여군,금산군,1,내포신도시는 홍성군 홍북읍과 예산군 삽교읍에 걸쳐 있어요.,,검수 필요,FALSE,읍 이름 확인
H32,society,high,choice,충청남도의 시·군은 모두 몇 개일까?,15개,10개,20개,7개,1,"충청남도에는 8개 시와 7개 군, 모두 15개 시·군이 있어요.",,검수 필요,FALSE,
H33,society,high,choice,홍성역을 지나는 기차 노선은?,장항선,경부선,호남선,중앙선,1,홍성역은 서해안을 따라 달리는 장항선의 역이에요.,,검수 필요,FALSE,
H34,society,high,choice,도청이 하는 일로 알맞은 것은?,충청남도의 살림을 계획하고 꾸린다,물건을 만들어 판다,환자를 치료한다,학생들에게 수업을 한다,1,"도청은 도 전체의 길, 학교, 복지, 환경 같은 살림을 계획하고 꾸려요.",,검수 필요,FALSE,
H35,environment,high,choice,"홍동면에 있는, 농업과 생태를 가르치는 오래된 학교는?",풀무학교,서울대학교,한국예술종합학교,국악고등학교,1,풀무학교는 홍동면에서 함께 사는 법과 친환경 농업을 가르쳐 온 학교예요.,,검수 필요,FALSE,설명 확인
H36,environment,high,choice,오리 농법에서 오리가 하는 일은?,잡초와 해충을 먹는다,벼를 먹는다,논에 물을 댄다,쌀을 찧는다,1,"오리가 잡초와 해충을 먹고, 오리 똥은 거름이 되어 농약과 비료를 줄여 줘요.",,검수 필요,FALSE,
H37,environment,high,ox,음식을 남기지 않는 것도 환경을 지키는 방법이다.,,,,,O,음식물 쓰레기가 줄면 처리할 때 생기는 오염도 줄어요.,,검수 필요,FALSE,
H38,environment,high,choice,플라스틱 병을 재활용하려면 어떻게 버려야 할까?,내용물을 비우고 라벨을 떼서 분리배출,일반 쓰레기와 함께 버린다,불에 태운다,땅에 묻는다,1,깨끗이 비우고 라벨을 떼면 새 물건으로 다시 태어나기 쉬워요.,,검수 필요,FALSE,
P01,history,both,photo,사진 속 홍주읍성 성문의 이름은?,조양문,숭례문,광화문,팔달문,1,조양문은 홍주읍성의 동쪽 문이에요.,photos/joyangmun.jpg,검수 필요,FALSE,
P02,nature,both,photo,멋진 바위가 많은 사진 속 산은?,용봉산,오서산,한라산,북한산,1,용봉산은 바위 봉우리가 멋진 홍성의 산이에요.,photos/yongbongsan.jpg,검수 필요,FALSE,
P03,nature,both,photo,가을 억새로 유명한 사진 속 산은?,오서산,용봉산,설악산,지리산,1,오서산은 가을이면 은빛 억새로 덮여요.,photos/oseosan.jpg,검수 필요,FALSE,
P04,specialty,both,photo,광천에서 새우젓을 익히는 사진 속 굴은?,토굴,얼음굴,광산,방공호,1,광천 토굴은 1년 내내 온도가 일정해 새우젓을 익히기 좋아요.,photos/gwangcheon-togul.jpg,검수 필요,FALSE,
P05,specialty,both,photo,사진 속 광천의 대표 음식은?,새우젓,고추장,된장,김치,1,광천은 토굴에서 익힌 새우젓으로 유명해요.,photos/saeujeot.jpg,검수 필요,FALSE,
P06,specialty,both,photo,남당항 가을 축제의 주인공인 사진 속 바다 생물은?,대하,꽃게,낙지,전복,1,대하는 '큰 새우'예요. 가을에 가장 맛있어요.,photos/daeha.jpg,검수 필요,FALSE,
P07,specialty,both,photo,사진 속 조개의 이름은?,새조개,바지락,가리비,홍합,1,새조개는 속살이 새 부리를 닮았어요.,photos/saejogae.jpg,검수 필요,FALSE,
P08,society,both,photo,사진 속 건물은 어디일까?,충남도청,서울시청,국회의사당,청와대,1,충남도청은 홍성 내포신도시에 있어요.,photos/dochung.jpg,검수 필요,FALSE,
P09,people,both,photo,「님의 침묵」을 쓴 사진 속 인물은?,한용운,김좌진,이응노,성삼문,1,만해 한용운은 홍성 결성면에서 태어났어요.,photos/hanyongun.jpg,검수 필요,FALSE,
P10,people,both,photo,청산리 전투를 이끈 사진 속 인물은?,김좌진,한용운,안중근,이순신,1,백야 김좌진은 홍성 갈산면에서 태어났어요.,photos/kimjwajin.jpg,검수 필요,FALSE,
